index,Error
0,10789412
1,10789450
2,10789476
3,10789530
4,10789550
5,10789590
6,10789632
7,10789660
8,10789697
9,10789734
10,10789776
11,10789821
12,10789846
13,10789877
14,10789920
15,10789952
16,10789990
17,10790031
18,10790059
19,10790098
20,10790130
21,10790170
22,10790207
23,10790238
24,10790277
25,10790313
26,10790347
27,10790381
28,10790415
29,10790458
30,10790493
31,10790541
32,10790554
33,10790602
34,10790639
35,10790680
36,10790712
37,10790742
38,10790782
39,10790820
40,10790853
41,10790893
42,10790917
43,10790970
44,10791005
45,10791033
46,10791073
47,10791106
48,10791138
49,10791178
50,10791219
51,10791249
52,10791285
53,10791322
54,10791360
55,10791400
56,10791427
57,10791468
58,10791503
59,10791529
60,10791572
61,10791610
62,10791646
63,10791683
64,10791708
65,10791754
66,10791787
67,10791819
68,10791864
69,10791901
70,10791931
71,10791974
72,10792005
73,10792042
74,10792073
75,10792121
76,10792137
77,10792186
78,10792225
79,10792248
80,10792294
81,10792330
82,10792370
83,10792408
84,10792436
85,10792468
86,10792516
87,10792552
88,10792580
89,10792619
90,10792655
91,10792692
92,10792727
93,10792769
94,10792790
95,10792839
96,10792871
97,10792905
98,10792947
99,10792967
100,10793019
101,10793051
102,10793081
103,10793124
104,10793157
105,10793206
106,10793239
107,10793268
108,10793299
109,10793336
110,10793373
111,10793408
112,10793442
113,10793480
114,10793517
115,10793552
116,10793587
117,10793622
118,10793674
119,10793691
120,10793729
121,10793772
122,10793805
123,10793844
124,10793881
125,10793920
126,10793953
127,10793982
128,10794027
129,10794050
130,10794094
131,10794128
132,10794161
133,10794204
134,10794238
135,10794279
136,10794303
137,10794350
138,10794384
139,10794418
140,10794447
141,10794489
142,10794519
143,10794552
144,10794614
145,10794638
146,10794678
147,10794704
148,10794745
149,10794781
150,10794817
151,10794850
152,10794885
153,10794912
154,10794961
155,10794996
156,10795035
157,10795065
158,10795110
159,10795136
160,10795168
161,10795214
162,10795244
163,10795276
164,10795318
165,10795357
166,10795391
167,10795428
168,10795482
169,10795502
170,10795541
171,10795561
172,10795607
173,10795645
174,10795677
175,10795710
176,10795751
177,10795785
178,10795820
179,10795863
180,10795900
181,10795931
182,10795964
183,10796004
184,10796042
185,10796077
186,10796103
187,10796145
188,10796183
189,10796221
190,10796258
191,10796293
192,10796321
193,10796359
194,10796392
195,10796443
196,10796470
197,10796508
198,10796547
199,10796577
200,10796609
201,10796648
202,10796686
203,10796729
204,10796762
205,10796789
206,10796833
207,10796869
208,10796897
209,10796938
210,10796965
211,10797011
212,10797045
213,10797076
214,10797115
215,10797155
216,10797188
217,10797227
218,10797264
219,10797294
220,10797333
221,10797380
222,10797406
223,10797438
224,10797478
225,10797508
226,10797555
227,10797587
228,10797627
229,10797662
230,10797695
231,10797734
232,10797766
233,10797799
234,10797833
235,10797872
236,10797898
237,10797955
238,10797974
239,10798018
240,10798048
241,10798080
242,10798126
243,10798161
244,10798198
245,10798236
246,10798267
247,10798307
248,10798344
249,10798377
250,10798413
251,10798452
252,10798486
253,10798522
254,10798547
255,10798594
256,10798631
257,10798666
258,10798703
259,10798747
260,10798774
261,10798813
262,10798842
263,10798878
264,10798916
265,10798949
266,10798990
267,10799022
268,10799062
269,10799091
270,10799126
271,10799167
272,10799201
273,10799239
274,10799275
275,10799313
276,10799355
277,10799392
278,10799425
279,10799457
280,10799501
281,10799523
282,10799556
283,10799603
284,10799638
285,10799674
286,10799710
287,10799738
288,10799777
289,10799824
290,10799859
291,10799887
292,10799935
293,10799957
294,10799996
295,10800035
296,10800065
297,10800104
298,10800142
299,10800177
300,10800218
301,10800252
302,10800281
303,10800319
304,10800358
305,10800394
306,10800427
307,10800468
308,10800506
309,10800535
310,10800577
311,10800602
312,10800638
313,10800684
314,10800714
315,10800750
316,10800789
317,10800823
318,10800863
319,10800891
320,10800933
321,10800985
322,10801006
323,10801033
324,10801080
325,10801116
326,10801156
327,10801186
328,10801219
329,10801265
330,10801297
331,10801321
332,10801369
333,10801401
334,10801443
335,10801473
336,10801513
337,10801546
338,10801584
339,10801618
340,10801652
341,10801690
342,10801729
343,10801764
344,10801806
345,10801836
346,10801873
347,10801916
348,10801942
349,10801980
350,10802011
351,10802050
352,10802094
353,10802123
354,10802165
355,10802189
356,10802223
357,10802267
358,10802296
359,10802351
360,10802380
361,10802404
362,10802446
363,10802480
364,10802520
365,10802554
366,10802594
367,10802633
368,10802661
369,10802693
370,10802736
371,10802770
372,10802811
373,10802842
374,10802882
375,10802915
376,10802950
377,10802984
378,10803025
379,10803070
380,10803098
381,10803130
382,10803169
383,10803202
384,10803232
385,10803275
386,10803317
387,10803345
388,10803377
389,10803420
390,10803463
391,10803494
392,10803531
393,10803573
394,10803606
395,10803637
396,10803669
397,10803706
398,10803742
399,10803782
400,10803810
401,10803857
402,10803886
403,10803920
404,10803962
405,10803984
406,10804026
407,10804063
408,10804106
409,10804136
410,10804181
411,10804208
412,10804248
413,10804279
414,10804323
415,10804353
416,10804392
417,10804424
418,10804457
419,10804497
420,10804539
421,10804565
422,10804599
423,10804641
424,10804681
425,10804709
426,10804748
427,10804786
428,10804821
429,10804859
430,10804899
431,10804930
432,10804966
433,10805005
434,10805038
435,10805070
436,10805105
437,10805141
438,10805191
439,10805218
440,10805256
441,10805293
442,10805322
443,10805365
444,10805396
445,10805424
446,10805469
447,10805501
448,10805541
449,10805579
450,10805625
451,10805648
452,10805686
453,10805723
454,10805758
455,10805794
456,10805825
457,10805862
458,10805902
459,10805933
460,10805971
461,10806004
462,10806051
463,10806075
464,10806127
465,10806152
466,10806185
467,10806221
468,10806265
469,10806303
470,10806330
471,10806371
472,10806406
473,10806441
474,10806478
475,10806517
476,10806541
477,10806575
478,10806623
479,10806658
480,10806697
481,10806722
482,10806762
483,10806809
484,10806832
485,10806875
486,10806907
487,10806944
488,10806976
489,10807023
490,10807045
491,10807085
492,10807122
493,10807167
494,10807199
495,10807237
496,10807270
497,10807307
498,10807344
499,10807385
500,10807415
501,10807443
502,10807491
503,10807522
504,10807553
505,10807594
506,10807626
507,10807676
508,10807701
509,10807728
510,10807775
511,10807806
512,10807852
513,10807882
514,10807910
515,10807952
516,10807985
517,10808023
518,10808059
519,10808088
520,10808134
521,10808166
522,10808202
523,10808245
524,10808287
525,10808311
526,10808359
527,10808376
528,10808424
529,10808456
530,10808494
531,10808526
532,10808564
533,10808601
534,10808637
535,10808676
536,10808721
537,10808743
538,10808782
539,10808810
540,10808842
541,10808896
542,10808920
543,10808959
544,10808998
545,10809038
546,10809071
547,10809115
548,10809142
549,10809169
550,10809214
551,10809250
552,10809282
553,10809321
554,10809356
555,10809402
556,10809427
557,10809460
558,10809503
559,10809529
560,10809576
561,10809612
562,10809642
563,10809680
564,10809715
565,10809762
566,10809791
567,10809820
568,10809856
569,10809898
570,10809934
571,10809967
572,10810007
573,10810042
574,10810083
575,10810116
576,10810150
577,10810186
578,10810218
579,10810262
580,10810295
581,10810328
582,10810366
583,10810400
584,10810450
585,10810472
586,10810512
587,10810547
588,10810579
589,10810618
590,10810653
591,10810691
592,10810727
593,10810765
594,10810801
595,10810832
596,10810868
597,10810904
598,10810938
599,10810970
600,10811017
601,10811050
602,10811085
603,10811114
604,10811151
605,10811182
606,10811230
607,10811269
608,10811304
609,10811338
610,10811369
611,10811410
612,10811446
613,10811485
614,10811521
615,10811553
616,10811590
617,10811629
618,10811664
619,10811698
620,10811724
621,10811767
622,10811810
623,10811842
624,10811882
625,10811913
626,10811950
627,10811989
628,10812025
629,10812059
630,10812099
631,10812136
632,10812172
633,10812194
634,10812236
635,10812273
636,10812309
637,10812338
638,10812388
639,10812413
640,10812454
641,10812478
642,10812524
643,10812561
644,10812594
645,10812637
646,10812681
647,10812702
648,10812738
649,10812786
650,10812816
651,10812849
652,10812880
653,10812925
654,10812959
655,10813001
656,10813026
657,10813066
658,10813101
659,10813137
660,10813179
661,10813214
662,10813243
663,10813282
664,10813317
665,10813358
666,10813390
667,10813421
668,10813461
669,10813498
670,10813538
671,10813576
672,10813612
673,10813643
674,10813676
675,10813716
676,10813750
677,10813783
678,10813823
679,10813860
680,10813898
681,10813926
682,10813958
683,10814004
684,10814034
685,10814078
686,10814105
687,10814144
688,10814173
689,10814228
690,10814252
691,10814290
692,10814324
693,10814361
694,10814402
695,10814434
696,10814470
697,10814511
698,10814536
699,10814583
700,10814621
701,10814643
702,10814687
703,10814716
704,10814748
705,10814790
706,10814832
707,10814869
708,10814901
709,10814934
710,10814972
711,10815007
712,10815043
713,10815070
714,10815117
715,10815154
716,10815200
717,10815229
718,10815262
719,10815298
720,10815335
721,10815367
722,10815396
723,10815439
724,10815477
725,10815514
726,10815547
727,10815582
728,10815621
729,10815658
730,10815696
731,10815729
732,10815768
733,10815797
734,10815841
735,10815874
736,10815904
737,10815945
738,10815982
739,10816013
740,10816057
741,10816089
742,10816128
743,10816157
744,10816199
745,10816237
746,10816268
747,10816305
748,10816340
749,10816379
750,10816414
751,10816452
752,10816486
753,10816516
754,10816552
755,10816592
756,10816632
757,10816677
758,10816706
759,10816735
760,10816764
761,10816812
762,10816846
763,10816876
764,10816922
765,10816954
766,10816988
767,10817017
768,10817066
769,10817098
770,10817133
771,10817166
772,10817205
773,10817248
774,10817280
775,10817323
776,10817355
777,10817387
778,10817426
779,10817458
780,10817487
781,10817527
782,10817567
783,10817598
784,10817636
785,10817668
786,10817718
787,10817740
788,10817777
789,10817814
790,10817858
791,10817895
792,10817924
793,10817964
794,10817994
795,10818034
796,10818083
797,10818110
798,10818142
799,10818172
800,10818213
801,10818244
802,10818276
803,10818324
804,10818360
805,10818394
806,10818434
807,10818458
808,10818508
809,10818533
810,10818575
811,10818612
812,10818651
813,10818691
814,10818719
815,10818753
816,10818785
817,10818827
818,10818858
819,10818892
820,10818933
821,10818973
822,10819005
823,10819037
824,10819078
825,10819108
826,10819143
827,10819193
828,10819223
829,10819267
830,10819287
831,10819335
832,10819366
833,10819415
834,10819437
835,10819472
836,10819512
837,10819546
838,10819580
839,10819622
840,10819657
841,10819694
842,10819728
843,10819759
844,10819795
845,10819836
846,10819866
847,10819914
848,10819942
849,10819975
850,10820019
851,10820050
852,10820091
853,10820123
854,10820166
855,10820193
856,10820220
857,10820259
858,10820294
859,10820340
860,10820383
861,10820410
862,10820440
863,10820485
864,10820520
865,10820553
866,10820592
867,10820626
868,10820657
869,10820701
870,10820732
871,10820766
872,10820805
873,10820849
874,10820887
875,10820921
876,10820948
877,10820981
878,10821023
879,10821058
880,10821094
881,10821125
882,10821162
883,10821197
884,10821241
885,10821279
886,10821307
887,10821348
888,10821385
889,10821415
890,10821454
891,10821494
892,10821521
893,10821568
894,10821597
895,10821634
896,10821669
897,10821699
898,10821743
899,10821778
900,10821812
901,10821849
902,10821888
903,10821922
904,10821956
905,10821994
906,10822033
907,10822066
908,10822099
909,10822142
910,10822173
911,10822212
912,10822246
913,10822278
914,10822312
915,10822350
916,10822389
917,10822415
918,10822463
919,10822503
920,10822533
921,10822565
922,10822598
923,10822643
924,10822680
925,10822714
926,10822753
927,10822783
928,10822821
929,10822859
930,10822893
931,10822932
932,10822968
933,10823001
934,10823034
935,10823071
936,10823115
937,10823140
938,10823182
939,10823214
940,10823265
941,10823287
942,10823329
943,10823358
944,10823413
945,10823428
946,10823471
947,10823500
948,10823546
949,10823572
950,10823612
951,10823643
952,10823685
953,10823722
954,10823766
955,10823783
956,10823832
957,10823866
958,10823899
959,10823937
960,10823975
961,10824010
962,10824046
963,10824079
964,10824116
965,10824156
966,10824186
967,10824224
968,10824262
969,10824299
970,10824335
971,10824369
972,10824396
973,10824445
974,10824483
975,10824519
976,10824551
977,10824590
978,10824621
979,10824653
980,10824694
981,10824729
982,10824770
983,10824805
984,10824836
985,10824872
986,10824910
987,10824946
988,10824989
989,10825016
990,10825060
991,10825083
992,10825123
993,10825170
994,10825199
995,10825234
996,10825272
997,10825305
998,10825342
999,10825378
1000,10825414
1001,10825451
1002,10825484
1003,10825523
1004,10825555
1005,10825596
1006,10825630
1007,10825667
1008,10825703
1009,10825735
1010,10825772
1011,10825810
1012,10825848
1013,10825886
1014,10825918
1015,10825951
1016,10825991
1017,10826026
1018,10826065
1019,10826103
1020,10826143
1021,10826162
1022,10826204
1023,10826242
1024,10826281
1025,10826317
1026,10826350
1027,10826389
1028,10826420
1029,10826457
1030,10826495
1031,10826525
1032,10826573
1033,10826598
1034,10826633
1035,10826675
1036,10826701
1037,10826744
1038,10826782
1039,10826824
1040,10826869
1041,10826890
1042,10826920
1043,10826963
1044,10827001
1045,10827030
1046,10827071
1047,10827113
1048,10827144
1049,10827175
1050,10827212
1051,10827242
1052,10827284
1053,10827320
1054,10827364
1055,10827387
1056,10827423
1057,10827466
1058,10827504
1059,10827536
1060,10827574
1061,10827613
1062,10827649
1063,10827683
1064,10827720
1065,10827747
1066,10827793
1067,10827826
1068,10827858
1069,10827896
1070,10827933
1071,10827968
1072,10828006
1073,10828040
1074,10828071
1075,10828124
1076,10828151
1077,10828196
1078,10828221
1079,10828265
1080,10828294
1081,10828337
1082,10828370
1083,10828405
1084,10828438
1085,10828475
1086,10828516
1087,10828536
1088,10828579
1089,10828612
1090,10828650
1091,10828693
1092,10828730
1093,10828761
1094,10828803
1095,10828831
1096,10828867
1097,10828906
1098,10828943
1099,10828978
1100,10829009
1101,10829052
1102,10829094
1103,10829121
1104,10829158
1105,10829189
1106,10829230
1107,10829262
1108,10829302
1109,10829345
1110,10829376
1111,10829407
1112,10829449
1113,10829474
1114,10829524
1115,10829555
1116,10829585
1117,10829625
1118,10829658
1119,10829707
1120,10829736
1121,10829765
1122,10829803
1123,10829842
1124,10829876
1125,10829915
1126,10829951
1127,10829979
1128,10830024
1129,10830066
1130,10830095
1131,10830133
1132,10830164
1133,10830200
1134,10830239
1135,10830270
1136,10830302
1137,10830350
1138,10830379
1139,10830419
1140,10830454
1141,10830491
1142,10830528
1143,10830564
1144,10830597
1145,10830637
1146,10830669
1147,10830707
1148,10830739
1149,10830778
1150,10830810
1151,10830856
1152,10830887
1153,10830919
1154,10830950
1155,10830991
1156,10831036
1157,10831063
1158,10831106
1159,10831137
1160,10831173
1161,10831205
1162,10831247
1163,10831287
1164,10831321
1165,10831356
1166,10831385
1167,10831426
1168,10831457
1169,10831494
1170,10831535
1171,10831565
1172,10831608
1173,10831641
1174,10831684
1175,10831713
1176,10831752
1177,10831790
1178,10831824
1179,10831860
1180,10831886
1181,10831934
1182,10831958
1183,10831999
1184,10832026
1185,10832072
1186,10832107
1187,10832145
1188,10832177
1189,10832217
1190,10832250
1191,10832289
1192,10832329
1193,10832351
1194,10832398
1195,10832433
1196,10832462
1197,10832504
1198,10832548
1199,10832579
1200,10832611
1201,10832653
1202,10832687
1203,10832716
1204,10832756
1205,10832794
1206,10832830
1207,10832867
1208,10832902
1209,10832938
1210,10832971
1211,10833008
1212,10833043
1213,10833084
1214,10833117
1215,10833151
1216,10833193
1217,10833237
1218,10833261
1219,10833303
1220,10833331
1221,10833370
1222,10833410
1223,10833447
1224,10833488
1225,10833512
1226,10833550
1227,10833592
1228,10833628
1229,10833654
1230,10833694
1231,10833734
1232,10833772
1233,10833798
1234,10833839
1235,10833863
1236,10833915
1237,10833954
1238,10833977
1239,10834017
1240,10834047
1241,10834088
1242,10834128
1243,10834164
1244,10834200
1245,10834228
1246,10834266
1247,10834315
1248,10834343
1249,10834376
1250,10834415
1251,10834448
1252,10834486
1253,10834519
1254,10834555
1255,10834587
1256,10834638
1257,10834669
1258,10834705
1259,10834742
1260,10834774
1261,10834805
1262,10834848
1263,10834885
1264,10834920
1265,10834953
1266,10834983
1267,10835029
1268,10835064
1269,10835098
1270,10835133
1271,10835170
1272,10835204
1273,10835235
1274,10835278
1275,10835312
1276,10835351
1277,10835385
1278,10835423
1279,10835452
1280,10835496
1281,10835540
1282,10835566
1283,10835605
1284,10835642
1285,10835675
1286,10835711
1287,10835739
1288,10835778
1289,10835825
1290,10835855
1291,10835891
1292,10835935
1293,10835954
1294,10836003
1295,10836037
1296,10836061
1297,10836103
1298,10836144
1299,10836175
1300,10836211
1301,10836253
1302,10836286
1303,10836322
1304,10836358
1305,10836394
1306,10836431
1307,10836477
1308,10836504
1309,10836535
1310,10836575
1311,10836611
1312,10836662
1313,10836675
1314,10836721
1315,10836755
1316,10836797
1317,10836821
1318,10836856
1319,10836899
1320,10836938
1321,10836972
1322,10837009
1323,10837042
1324,10837083
1325,10837114
1326,10837148
1327,10837193
1328,10837218
1329,10837251
1330,10837293
1331,10837330
1332,10837366
1333,10837401
1334,10837439
1335,10837473
1336,10837506
1337,10837553
1338,10837582
1339,10837623
1340,10837654
1341,10837692
1342,10837733
1343,10837753
1344,10837803
1345,10837834
1346,10837874
1347,10837904
1348,10837942
1349,10837978
1350,10838009
1351,10838050
1352,10838095
1353,10838128
1354,10838165
1355,10838193
1356,10838230
1357,10838264
1358,10838292
1359,10838337
1360,10838371
1361,10838414
1362,10838450
1363,10838484
1364,10838514
1365,10838552
1366,10838596
1367,10838627
1368,10838667
1369,10838696
1370,10838738
1371,10838769
1372,10838804
1373,10838843
1374,10838875
1375,10838909
1376,10838956
1377,10838989
1378,10839020
1379,10839058
1380,10839099
1381,10839128
1382,10839154
1383,10839213
1384,10839231
1385,10839272
1386,10839300
1387,10839335
1388,10839383
1389,10839412
1390,10839457
1391,10839490
1392,10839526
1393,10839565
1394,10839601
1395,10839640
1396,10839664
1397,10839703
1398,10839745
1399,10839781
1400,10839812
1401,10839844
1402,10839886
1403,10839908
1404,10839950
1405,10839999
1406,10840024
1407,10840076
1408,10840102
1409,10840139
1410,10840187
1411,10840214
1412,10840245
1413,10840280
1414,10840315
1415,10840344
1416,10840391
1417,10840426
1418,10840459
1419,10840502
1420,10840531
1421,10840562
1422,10840601
1423,10840642
1424,10840679
1425,10840723
1426,10840748
1427,10840788
1428,10840826
1429,10840860
1430,10840895
1431,10840925
1432,10840964
1433,10841012
1434,10841038
1435,10841074
1436,10841104
1437,10841147
1438,10841190
1439,10841215
1440,10841250
1441,10841290
1442,10841324
1443,10841359
1444,10841408
1445,10841437
1446,10841463
1447,10841506
1448,10841546
1449,10841577
1450,10841617
1451,10841645
1452,10841688
1453,10841722
1454,10841760
1455,10841794
1456,10841827
1457,10841867
1458,10841903
1459,10841940
1460,10841967
1461,10842008
1462,10842045
1463,10842081
1464,10842116
1465,10842154
1466,10842196
1467,10842234
1468,10842267
1469,10842300
1470,10842318
1471,10842367
1472,10842408
1473,10842438
1474,10842483
1475,10842511
1476,10842550
1477,10842584
1478,10842622
1479,10842651
1480,10842693
1481,10842726
1482,10842761
1483,10842794
1484,10842842
1485,10842869
1486,10842913
1487,10842945
1488,10842983
1489,10843018
1490,10843054
1491,10843084
1492,10843138
1493,10843166
1494,10843202
1495,10843223
1496,10843267
1497,10843302
1498,10843342
1499,10843375
1500,10843416
1501,10843450
1502,10843489
1503,10843527
1504,10843554
1505,10843591
1506,10843625
1507,10843669
1508,10843701
1509,10843736
1510,10843768
1511,10843811
1512,10843846
1513,10843882
1514,10843916
1515,10843947
1516,10843995
1517,10844026
1518,10844062
1519,10844094
1520,10844140
1521,10844166
1522,10844204
1523,10844237
1524,10844272
1525,10844317
1526,10844348
1527,10844381
1528,10844421
1529,10844456
1530,10844494
1531,10844527
1532,10844566
1533,10844594
1534,10844633
1535,10844676
1536,10844713
1537,10844737
1538,10844783
1539,10844818
1540,10844859
1541,10844885
1542,10844927
1543,10844965
1544,10844991
1545,10845031
1546,10845074
1547,10845105
1548,10845145
1549,10845178
1550,10845207
1551,10845250
1552,10845287
1553,10845319
1554,10845362
1555,10845387
1556,10845430
1557,10845464
1558,10845498
1559,10845531
1560,10845564
1561,10845604
1562,10845645
1563,10845679
1564,10845717
1565,10845753
1566,10845788
1567,10845826
1568,10845865
1569,10845891
1570,10845934
1571,10845962
1572,10846016
1573,10846037
1574,10846076
1575,10846117
1576,10846151
1577,10846190
1578,10846228
1579,10846257
1580,10846303
1581,10846327
1582,10846365
1583,10846405
1584,10846426
1585,10846471
1586,10846509
1587,10846549
1588,10846579
1589,10846621
1590,10846649
1591,10846694
1592,10846729
1593,10846760
1594,10846797
1595,10846833
1596,10846868
1597,10846903
1598,10846948
1599,10846979
1600,10847015
1601,10847042
1602,10847086
1603,10847127
1604,10847158
1605,10847192
1606,10847230
1607,10847269
1608,10847301
1609,10847328
1610,10847370
1611,10847410
1612,10847438
1613,10847482
1614,10847519
1615,10847564
1616,10847596
1617,10847627
1618,10847653
1619,10847699
1620,10847727
1621,10847765
1622,10847811
1623,10847838
1624,10847881
1625,10847914
1626,10847954
1627,10847985
1628,10848021
1629,10848065
1630,10848097
1631,10848131
1632,10848166
1633,10848204
1634,10848238
1635,10848276
1636,10848310
1637,10848338
1638,10848374
1639,10848415
1640,10848463
1641,10848496
1642,10848524
1643,10848558
1644,10848596
1645,10848633
1646,10848675
1647,10848704
1648,10848735
1649,10848776
1650,10848808
1651,10848857
1652,10848886
1653,10848922
1654,10848958
1655,10848985
1656,10849031
1657,10849068
1658,10849100
1659,10849139
1660,10849173
1661,10849210
1662,10849249
1663,10849280
1664,10849320
1665,10849354
1666,10849390
1667,10849424
1668,10849459
1669,10849498
1670,10849539
1671,10849571
1672,10849611
1673,10849642
1674,10849671
1675,10849719
1676,10849750
1677,10849791
1678,10849825
1679,10849862
1680,10849896
1681,10849916
1682,10849970
1683,10850003
1684,10850041
1685,10850078
1686,10850111
1687,10850149
1688,10850175
1689,10850218
1690,10850257
1691,10850293
1692,10850322
1693,10850353
1694,10850396
1695,10850434
1696,10850471
1697,10850514
1698,10850548
1699,10850575
1700,10850617
1701,10850648
1702,10850689
1703,10850719
1704,10850764
1705,10850792
1706,10850829
1707,10850862
1708,10850906
1709,10850938
1710,10850976
1711,10851013
1712,10851042
1713,10851090
1714,10851121
1715,10851155
1716,10851190
1717,10851225
1718,10851260
1719,10851302
1720,10851334
1721,10851370
1722,10851404
1723,10851442
1724,10851488
1725,10851516
1726,10851541
1727,10851575
1728,10851625
1729,10851652
1730,10851695
1731,10851733
1732,10851769
1733,10851811
1734,10851837
1735,10851875
1736,10851908
1737,10851940
1738,10851979
1739,10852025
1740,10852061
1741,10852086
1742,10852130
1743,10852162
1744,10852202
1745,10852230
1746,10852271
1747,10852306
1748,10852338
1749,10852376
1750,10852412
1751,10852450
1752,10852494
1753,10852530
1754,10852566
1755,10852597
1756,10852634
1757,10852662
1758,10852702
1759,10852743
1760,10852775
1761,10852807
1762,10852848
1763,10852883
1764,10852919
1765,10852952
1766,10852993
1767,10853026
1768,10853059
1769,10853098
1770,10853137
1771,10853176
1772,10853211
1773,10853234
1774,10853283
1775,10853317
1776,10853352
1777,10853393
1778,10853430
1779,10853461
1780,10853494
1781,10853528
1782,10853567
1783,10853604
1784,10853635
1785,10853683
1786,10853718
1787,10853750
1788,10853791
1789,10853822
1790,10853853
1791,10853894
1792,10853936
1793,10853962
1794,10853993
1795,10854039
1796,10854062
1797,10854102
1798,10854144
1799,10854177
1800,10854223
1801,10854250
1802,10854289
1803,10854327
1804,10854358
1805,10854396
1806,10854422
1807,10854476
1808,10854502
1809,10854538
1810,10854572
1811,10854611
1812,10854644
1813,10854683
1814,10854715
1815,10854748
1816,10854787
1817,10854823
1818,10854864
1819,10854898
1820,10854932
1821,10854971
1822,10855003
1823,10855042
1824,10855077
1825,10855116
1826,10855146
1827,10855186
1828,10855222
1829,10855253
1830,10855294
1831,10855330
1832,10855370
1833,10855397
1834,10855431
1835,10855466
1836,10855511
1837,10855544
1838,10855578
1839,10855619
1840,10855658
1841,10855699
1842,10855732
1843,10855759
1844,10855805
1845,10855831
1846,10855872
1847,10855909
1848,10855935
1849,10855978
1850,10856014
1851,10856060
1852,10856083
1853,10856125
1854,10856158
1855,10856194
1856,10856226
1857,10856270
1858,10856308
1859,10856343
1860,10856366
1861,10856401
1862,10856446
1863,10856487
1864,10856522
1865,10856553
1866,10856587
1867,10856634
1868,10856669
1869,10856695
1870,10856734
1871,10856770
1872,10856816
1873,10856845
1874,10856883
1875,10856910
1876,10856951
1877,10856986
1878,10857022
1879,10857060
1880,10857094
1881,10857125
1882,10857171
1883,10857198
1884,10857235
1885,10857265
1886,10857311
1887,10857346
1888,10857379
1889,10857414
1890,10857454
1891,10857489
1892,10857521
1893,10857564
1894,10857602
1895,10857635
1896,10857674
1897,10857707
1898,10857749
1899,10857782
1900,10857813
1901,10857855
1902,10857887
1903,10857920
1904,10857955
1905,10857993
1906,10858021
1907,10858063
1908,10858100
1909,10858131
1910,10858170
1911,10858206
1912,10858239
1913,10858282
1914,10858319
1915,10858355
1916,10858395
1917,10858426
1918,10858460
1919,10858498
1920,10858540
1921,10858577
1922,10858604
1923,10858644
1924,10858678
1925,10858716
1926,10858738
1927,10858784
1928,10858813
1929,10858843
1930,10858895
1931,10858926
1932,10858972
1933,10859005
1934,10859044
1935,10859078
1936,10859108
1937,10859147
1938,10859175
1939,10859212
1940,10859256
1941,10859298
1942,10859327
1943,10859357
1944,10859398
1945,10859437
1946,10859475
1947,10859506
1948,10859550
1949,10859583
1950,10859616
1951,10859649
1952,10859698
1953,10859720
1954,10859757
1955,10859790
1956,10859831
1957,10859858
1958,10859904
1959,10859930
1960,10859977
1961,10860003
1962,10860040
1963,10860079
1964,10860118
1965,10860153
1966,10860185
1967,10860225
1968,10860264
1969,10860289
1970,10860340
1971,10860370
1972,10860393
1973,10860442
1974,10860477
1975,10860512
1976,10860549
1977,10860584
1978,10860625
1979,10860658
1980,10860696
1981,10860729
1982,10860772
1983,10860802
1984,10860840
1985,10860874
1986,10860910
1987,10860950
1988,10860986
1989,10861018
1990,10861054
1991,10861089
1992,10861129
1993,10861163
1994,10861202
1995,10861235
1996,10861270
1997,10861310
1998,10861342
1999,10861381
2000,10861419
2001,10861457
2002,10861487
2003,10861523
2004,10861562
2005,10861594
2006,10861633
2007,10861667
2008,10861702
2009,10861735
2010,10861775
2011,10861813
2012,10861847
2013,10861882
2014,10861919
2015,10861961
2016,10861990
2017,10862024
2018,10862070
2019,10862097
2020,10862142
2021,10862173
2022,10862201
2023,10862242
2024,10862278
2025,10862314
2026,10862350
2027,10862390
2028,10862424
2029,10862465
2030,10862494
2031,10862530
2032,10862570
2033,10862602
2034,10862637
2035,10862676
2036,10862707
2037,10862742
2038,10862781
2039,10862821
2040,10862859
2041,10862887
2042,10862925
2043,10862964
2044,10863000
2045,10863031
2046,10863075
2047,10863106
2048,10863142
2049,10863176
2050,10863220
2051,10863256
2052,10863286
2053,10863328
2054,10863363
2055,10863398
2056,10863430
2057,10863470
2058,10863500
2059,10863537
2060,10863574
2061,10863613
2062,10863652
2063,10863674
2064,10863718
2065,10863751
2066,10863792
2067,10863820
2068,10863871
2069,10863896
2070,10863941
2071,10863965
2072,10864008
2073,10864050
2074,10864084
2075,10864109
2076,10864145
2077,10864179
2078,10864224
2079,10864252
2080,10864303
2081,10864334
2082,10864373
2083,10864400
2084,10864438
2085,10864474
2086,10864504
2087,10864540
2088,10864583
2089,10864617
2090,10864654
2091,10864685
2092,10864729
2093,10864768
2094,10864800
2095,10864832
2096,10864874
2097,10864910
2098,10864943
2099,10864974
2100,10865005
2101,10865059
2102,10865088
2103,10865121
2104,10865155
2105,10865183
2106,10865235
2107,10865266
2108,10865303
2109,10865338
2110,10865374
2111,10865412
2112,10865440
2113,10865479
2114,10865520
2115,10865559
2116,10865592
2117,10865628
2118,10865658
2119,10865695
2120,10865735
2121,10865770
2122,10865806
2123,10865842
2124,10865871
2125,10865907
2126,10865953
2127,10865986
2128,10866019
2129,10866059
2130,10866111
2131,10866127
2132,10866167
2133,10866202
2134,10866236
2135,10866271
2136,10866315
2137,10866344
2138,10866374
2139,10866426
2140,10866451
2141,10866493
2142,10866527
2143,10866561
2144,10866606
2145,10866630
2146,10866671
2147,10866708
2148,10866735
2149,10866774
2150,10866818
2151,10866860
2152,10866889
2153,10866911
2154,10866963
2155,10866986
2156,10867026
2157,10867066
2158,10867102
2159,10867138
2160,10867173
2161,10867221
2162,10867239
2163,10867283
2164,10867323
2165,10867357
2166,10867382
2167,10867432
2168,10867468
2169,10867494
2170,10867531
2171,10867576
2172,10867606
2173,10867637
2174,10867680
2175,10867710
2176,10867745
2177,10867776
2178,10867823
2179,10867854
2180,10867890
2181,10867928
2182,10867969
2183,10868002
2184,10868042
2185,10868074
2186,10868115
2187,10868154
2188,10868182
2189,10868218
2190,10868246
2191,10868288
2192,10868334
2193,10868365
2194,10868390
2195,10868429
2196,10868467
2197,10868506
2198,10868542
2199,10868578
2200,10868615
2201,10868650
2202,10868683
2203,10868723
2204,10868745
2205,10868790
2206,10868830
2207,10868869
2208,10868904
2209,10868944
2210,10868979
2211,10869011
2212,10869046
2213,10869084
2214,10869116
2215,10869152
2216,10869191
2217,10869221
2218,10869262
2219,10869299
2220,10869341
2221,10869364
2222,10869403
2223,10869448
2224,10869475
2225,10869515
2226,10869547
2227,10869592
2228,10869616
2229,10869656
2230,10869690
2231,10869736
2232,10869766
2233,10869793
2234,10869846
2235,10869867
2236,10869910
2237,10869950
2238,10869980
2239,10870015
2240,10870048
2241,10870082
2242,10870138
2243,10870167
2244,10870204
2245,10870226
2246,10870267
2247,10870299
2248,10870345
2249,10870386
2250,10870411
2251,10870446
2252,10870492
2253,10870516
2254,10870561
2255,10870592
2256,10870633
2257,10870664
2258,10870694
2259,10870738
2260,10870767
2261,10870812
2262,10870855
2263,10870888
2264,10870911
2265,10870946
2266,10870977
2267,10871021
2268,10871055
2269,10871093
2270,10871143
2271,10871171
2272,10871206
2273,10871239
2274,10871278
2275,10871316
2276,10871350
2277,10871390
2278,10871426
2279,10871455
2280,10871489
2281,10871536
2282,10871559
2283,10871603
2284,10871639
2285,10871682
2286,10871707
2287,10871739
2288,10871789
2289,10871814
2290,10871843
2291,10871884
2292,10871926
2293,10871968
2294,10872000
2295,10872034
2296,10872066
2297,10872106
2298,10872145
2299,10872175
2300,10872215
2301,10872258
2302,10872286
2303,10872321
2304,10872357
2305,10872395
2306,10872427
2307,10872470
2308,10872504
2309,10872541
2310,10872572
2311,10872614
2312,10872654
2313,10872681
2314,10872717
2315,10872754
2316,10872787
2317,10872825
2318,10872867
2319,10872899
2320,10872933
2321,10872968
2322,10873002
2323,10873046
2324,10873074
2325,10873114
2326,10873150
2327,10873178
2328,10873221
2329,10873260
2330,10873283
2331,10873324
2332,10873366
2333,10873401
2334,10873439
2335,10873479
2336,10873510
2337,10873547
2338,10873583
2339,10873607
2340,10873652
2341,10873689
2342,10873730
2343,10873760
2344,10873800
2345,10873836
2346,10873864
2347,10873898
2348,10873947
2349,10873974
2350,10874019
2351,10874050
2352,10874089
2353,10874113
2354,10874168
2355,10874180
2356,10874224
2357,10874267
2358,10874307
2359,10874341
2360,10874378
2361,10874405
2362,10874447
2363,10874488
2364,10874510
2365,10874549
2366,10874591
2367,10874632
2368,10874665
2369,10874693
2370,10874732
2371,10874769
2372,10874799
2373,10874852
2374,10874876
2375,10874911
2376,10874942
2377,10874986
2378,10875022
2379,10875064
2380,10875098
2381,10875130
2382,10875168
2383,10875211
2384,10875235
2385,10875273
2386,10875313
2387,10875344
2388,10875384
2389,10875413
2390,10875458
2391,10875493
2392,10875524
2393,10875556
2394,10875599
2395,10875634
2396,10875664
2397,10875711
2398,10875739
2399,10875785
2400,10875820
2401,10875851
2402,10875889
2403,10875915
2404,10875958
2405,10875996
2406,10876024
2407,10876059
2408,10876109
2409,10876140
2410,10876181
2411,10876215
2412,10876232
2413,10876277
2414,10876318
2415,10876354
2416,10876390
2417,10876423
2418,10876462
2419,10876493
2420,10876540
2421,10876566
2422,10876604
2423,10876646
2424,10876676
2425,10876714
2426,10876746
2427,10876786
2428,10876824
2429,10876851
2430,10876886
2431,10876925
2432,10876970
2433,10877004
2434,10877042
2435,10877081
2436,10877108
2437,10877143
2438,10877182
2439,10877219
2440,10877259
2441,10877290
2442,10877328
2443,10877360
2444,10877391
2445,10877443
2446,10877470
2447,10877505
2448,10877542
2449,10877589
2450,10877612
2451,10877648
2452,10877683
2453,10877721
2454,10877749
2455,10877800
2456,10877830
2457,10877862
2458,10877907
2459,10877937
2460,10877981
2461,10878010
2462,10878046
2463,10878083
2464,10878120
2465,10878151
2466,10878187
2467,10878227
2468,10878253
2469,10878284
2470,10878334
2471,10878370
2472,10878411
2473,10878442
2474,10878483
2475,10878520
2476,10878550
2477,10878583
2478,10878618
2479,10878658
2480,10878687
2481,10878731
2482,10878770
2483,10878800
2484,10878842
2485,10878870
2486,10878910
2487,10878947
2488,10878973
2489,10879017
2490,10879058
2491,10879095
2492,10879132
2493,10879159
2494,10879198
2495,10879227
2496,10879273
2497,10879306
2498,10879346
2499,10879372
2500,10879420
2501,10879450
2502,10879480
2503,10879525
2504,10879568
2505,10879595
2506,10879631
2507,10879658
2508,10879701
2509,10879742
2510,10879775
2511,10879810
2512,10879843
2513,10879891
2514,10879916
2515,10879946
2516,10879991
2517,10880025
2518,10880060
2519,10880095
2520,10880130
2521,10880165
2522,10880211
2523,10880237
2524,10880274
2525,10880314
2526,10880353
2527,10880387
2528,10880421
2529,10880455
2530,10880494
2531,10880528
2532,10880565
2533,10880606
2534,10880638
2535,10880678
2536,10880708
2537,10880745
2538,10880782
2539,10880819
2540,10880849
2541,10880886
2542,10880935
2543,10880963
2544,10880996
2545,10881026
2546,10881067
2547,10881111
2548,10881148
2549,10881173
2550,10881214
2551,10881253
2552,10881289
2553,10881322
2554,10881358
2555,10881396
2556,10881428
2557,10881467
2558,10881505
2559,10881537
2560,10881580
2561,10881614
2562,10881644
2563,10881680
2564,10881719
2565,10881755
2566,10881792
2567,10881827
2568,10881862
2569,10881909
2570,10881943
2571,10881972
2572,10882008
2573,10882045
2574,10882083
2575,10882116
2576,10882156
2577,10882177
2578,10882219
2579,10882255
2580,10882287
2581,10882328
2582,10882364
2583,10882398
2584,10882433
2585,10882476
2586,10882506
2587,10882548
2588,10882578
2589,10882618
2590,10882648
2591,10882682
2592,10882727
2593,10882762
2594,10882809
2595,10882837
2596,10882872
2597,10882907
2598,10882940
2599,10882981
2600,10883013
2601,10883052
2602,10883084
2603,10883128
2604,10883158
2605,10883194
2606,10883232
2607,10883264
2608,10883294
2609,10883338
2610,10883378
2611,10883407
2612,10883450
2613,10883486
2614,10883520
2615,10883546
2616,10883603
2617,10883633
2618,10883662
2619,10883695
2620,10883729
2621,10883763
2622,10883805
2623,10883847
2624,10883872
2625,10883914
2626,10883953
2627,10883991
2628,10884023
2629,10884055
2630,10884103
2631,10884132
2632,10884168
2633,10884206
2634,10884235
2635,10884269
2636,10884305
2637,10884353
2638,10884384
2639,10884412
2640,10884449
2641,10884490
2642,10884520
2643,10884562
2644,10884599
2645,10884635
2646,10884675
2647,10884714
2648,10884742
2649,10884779
2650,10884822
2651,10884851
2652,10884887
2653,10884926
2654,10884958
2655,10884994
2656,10885035
2657,10885064
2658,10885102
2659,10885139
2660,10885178
2661,10885203
2662,10885252
2663,10885286
2664,10885313
2665,10885358
2666,10885388
2667,10885432
2668,10885462
2669,10885500
2670,10885528
2671,10885570
2672,10885605
2673,10885645
2674,10885676
2675,10885716
2676,10885762
2677,10885786
2678,10885827
2679,10885856
2680,10885898
2681,10885925
2682,10885972
2683,10886000
2684,10886035
2685,10886071
2686,10886108
2687,10886149
2688,10886183
2689,10886222
2690,10886257
2691,10886288
2692,10886325
2693,10886367
2694,10886406
2695,10886440
2696,10886475
2697,10886502
2698,10886532
2699,10886584
2700,10886614
2701,10886646
2702,10886686
2703,10886725
2704,10886758
2705,10886790
2706,10886829
2707,10886870
2708,10886906
2709,10886927
2710,10886977
2711,10887010
2712,10887051
2713,10887072
2714,10887118
2715,10887152
2716,10887189
2717,10887221
2718,10887260
2719,10887293
2720,10887336
2721,10887385
2722,10887406
2723,10887440
2724,10887495
2725,10887514
2726,10887549
2727,10887590
2728,10887618
2729,10887658
2730,10887687
2731,10887733
2732,10887763
2733,10887799
2734,10887835
2735,10887879
2736,10887908
2737,10887946
2738,10887985
2739,10888025
2740,10888043
2741,10888094
2742,10888131
2743,10888167
2744,10888201
2745,10888230
2746,10888272
2747,10888307
2748,10888343
2749,10888377
2750,10888413
2751,10888439
2752,10888487
2753,10888526
2754,10888564
2755,10888602
2756,10888636
2757,10888665
2758,10888705
2759,10888737
2760,10888780
2761,10888809
2762,10888854
2763,10888877
2764,10888920
2765,10888955
2766,10888988
2767,10889024
2768,10889060
2769,10889104
2770,10889133
2771,10889166
2772,10889202
2773,10889246
2774,10889276
2775,10889325
2776,10889362
2777,10889389
2778,10889422
2779,10889464
2780,10889492
2781,10889536
2782,10889569
2783,10889603
2784,10889636
2785,10889676
2786,10889710
2787,10889748
2788,10889782
2789,10889826
2790,10889847
2791,10889884
2792,10889929
2793,10889962
2794,10889992
2795,10890037
2796,10890070
2797,10890093
2798,10890150
2799,10890177
2800,10890212
2801,10890248
2802,10890278
2803,10890318
2804,10890362
2805,10890391
2806,10890430
2807,10890456
2808,10890503
2809,10890537
2810,10890574
2811,10890609
2812,10890645
2813,10890681
2814,10890723
2815,10890760
2816,10890789
2817,10890828
2818,10890858
2819,10890894
2820,10890932
2821,10890975
2822,10890992
2823,10891038
2824,10891079
2825,10891116
2826,10891150
2827,10891182
2828,10891223
2829,10891262
2830,10891299
2831,10891331
2832,10891365
2833,10891404
2834,10891443
2835,10891474
2836,10891510
2837,10891540
2838,10891588
2839,10891618
2840,10891644
2841,10891692
2842,10891733
2843,10891750
2844,10891806
2845,10891834
2846,10891873
2847,10891901
2848,10891943
2849,10891978
2850,10892015
2851,10892044
2852,10892081
2853,10892114
2854,10892167
2855,10892197
2856,10892229
2857,10892266
2858,10892297
2859,10892336
2860,10892375
2861,10892401
2862,10892437
2863,10892475
2864,10892513
2865,10892559
2866,10892590
2867,10892625
2868,10892666
2869,10892700
2870,10892735
2871,10892770
2872,10892807
2873,10892833
2874,10892884
2875,10892917
2876,10892955
2877,10892991
2878,10893023
2879,10893061
2880,10893091
2881,10893136
2882,10893171
2883,10893203
2884,10893237
2885,10893275
2886,10893301
2887,10893345
2888,10893396
2889,10893418
2890,10893452
2891,10893490
2892,10893523
2893,10893555
2894,10893600
2895,10893626
2896,10893671
2897,10893705
2898,10893741
2899,10893779
2900,10893813
2901,10893858
2902,10893886
2903,10893932
2904,10893957
2905,10893994
2906,10894028
2907,10894057
2908,10894094
2909,10894149
2910,10894175
2911,10894209
2912,10894255
2913,10894287
2914,10894325
2915,10894354
2916,10894389
2917,10894432
2918,10894457
2919,10894489
2920,10894536
2921,10894570
2922,10894606
2923,10894640
2924,10894682
2925,10894707
2926,10894746
2927,10894786
2928,10894819
2929,10894858
2930,10894887
2931,10894926
2932,10894969
2933,10895000
2934,10895044
2935,10895080
2936,10895105
2937,10895142
2938,10895183
2939,10895218
2940,10895255
2941,10895293
2942,10895321
2943,10895370
2944,10895397
2945,10895430
2946,10895466
2947,10895513
2948,10895554
2949,10895581
2950,10895617
2951,10895650
2952,10895681
2953,10895722
2954,10895748
2955,10895793
2956,10895841
2957,10895862
2958,10895914
2959,10895936
2960,10895967
2961,10896012
2962,10896046
2963,10896087
2964,10896120
2965,10896146
2966,10896189
2967,10896228
2968,10896261
2969,10896306
2970,10896342
2971,10896367
2972,10896406
2973,10896439
2974,10896484
2975,10896520
2976,10896541
2977,10896581
2978,10896626
2979,10896651
2980,10896695
2981,10896732
2982,10896764
2983,10896811
2984,10896843
2985,10896873
2986,10896914
2987,10896944
2988,10896985
2989,10897022
2990,10897054
2991,10897081
2992,10897116
2993,10897164
2994,10897199
2995,10897236
2996,10897269
2997,10897297
2998,10897335
2999,10897378
3000,10897421
3001,10897447
3002,10897496
3003,10897509
3004,10897548
3005,10897590
3006,10897632
3007,10897660
3008,10897696
3009,10897729
3010,10897774
3011,10897812
3012,10897851
3013,10897876
3014,10897918
3015,10897949
3016,10897998
3017,10898022
3018,10898066
3019,10898099
3020,10898124
3021,10898172
3022,10898210
3023,10898235
3024,10898281
3025,10898312
3026,10898354
3027,10898388
3028,10898418
3029,10898459
3030,10898494
3031,10898531
3032,10898562
3033,10898607
3034,10898638
3035,10898675
3036,10898703
3037,10898747
3038,10898782
3039,10898811
3040,10898855
3041,10898890
3042,10898930
3043,10898965
3044,10899005
3045,10899031
3046,10899080
3047,10899115
3048,10899147
3049,10899181
3050,10899210
3051,10899250
3052,10899278
3053,10899320
3054,10899358
3055,10899397
3056,10899438
3057,10899456
3058,10899492
3059,10899535
3060,10899572
3061,10899603
3062,10899646
3063,10899682
3064,10899722
3065,10899752
3066,10899790
3067,10899846
3068,10899861
3069,10899905
3070,10899938
3071,10899960
3072,10900002
3073,10900036
3074,10900082
3075,10900112
3076,10900149
3077,10900185
3078,10900229
3079,10900257
3080,10900291
3081,10900333
3082,10900364
3083,10900402
3084,10900441
3085,10900477
3086,10900512
3087,10900539
3088,10900571
3089,10900618
3090,10900662
3091,10900689
3092,10900726
3093,10900765
3094,10900798
3095,10900842
3096,10900875
3097,10900896
3098,10900942
3099,10900980
3100,10901013
3101,10901053
3102,10901083
3103,10901122
3104,10901157
3105,10901193
3106,10901236
3107,10901268
3108,10901304
3109,10901342
3110,10901382
3111,10901408
3112,10901452
3113,10901491
3114,10901519
3115,10901557
3116,10901597
3117,10901626
3118,10901665
3119,10901695
3120,10901741
3121,10901776
3122,10901804
3123,10901839
3124,10901878
3125,10901912
3126,10901945
3127,10901983
3128,10902022
3129,10902056
3130,10902088
3131,10902124
3132,10902172
3133,10902200
3134,10902238
3135,10902273
3136,10902310
3137,10902345
3138,10902389
3139,10902405
3140,10902459
3141,10902486
3142,10902529
3143,10902562
3144,10902606
3145,10902635
3146,10902670
3147,10902705
3148,10902739
3149,10902774
3150,10902813
3151,10902844
3152,10902883
3153,10902918
3154,10902954
3155,10902991
3156,10903029
3157,10903062
3158,10903103
3159,10903139
3160,10903166
3161,10903210
3162,10903242
3163,10903278
3164,10903318
3165,10903353
3166,10903388
3167,10903427
3168,10903465
3169,10903503
3170,10903529
3171,10903571
3172,10903600
3173,10903626
3174,10903669
3175,10903713
3176,10903753
3177,10903788
3178,10903825
3179,10903861
3180,10903882
3181,10903927
3182,10903962
3183,10904002
3184,10904043
3185,10904079
3186,10904118
3187,10904146
3188,10904179
3189,10904220
3190,10904254
3191,10904298
3192,10904322
3193,10904372
3194,10904406
3195,10904438
3196,10904466
3197,10904504
3198,10904535
3199,10904583
3200,10904618
3201,10904646
3202,10904693
3203,10904724
3204,10904759
3205,10904794
3206,10904835
3207,10904864
3208,10904900
3209,10904944
3210,10904966
3211,10905008
3212,10905046
3213,10905091
3214,10905122
3215,10905151
3216,10905198
3217,10905221
3218,10905262
3219,10905292
3220,10905337
3221,10905370
3222,10905399
3223,10905439
3224,10905477
3225,10905520
3226,10905556
3227,10905586
3228,10905629
3229,10905654
3230,10905690
3231,10905729
3232,10905763
3233,10905800
3234,10905836
3235,10905879
3236,10905906
3237,10905946
3238,10905984
3239,10906024
3240,10906058
3241,10906093
3242,10906129
3243,10906162
3244,10906198
3245,10906233
3246,10906282
3247,10906301
3248,10906343
3249,10906377
3250,10906415
3251,10906459
3252,10906482
3253,10906506
3254,10906551
3255,10906594
3256,10906625
3257,10906665
3258,10906697
3259,10906744
3260,10906767
3261,10906809
3262,10906856
3263,10906882
3264,10906916
3265,10906961
3266,10906984
3267,10907029
3268,10907059
3269,10907098
3270,10907135
3271,10907166
3272,10907200
3273,10907240
3274,10907287
3275,10907308
3276,10907351
3277,10907386
3278,10907429
3279,10907450
3280,10907491
3281,10907526
3282,10907554
3283,10907596
3284,10907640
3285,10907675
3286,10907709
3287,10907738
3288,10907783
3289,10907822
3290,10907852
3291,10907892
3292,10907925
3293,10907963
3294,10907996
3295,10908029
3296,10908067
3297,10908108
3298,10908138
3299,10908188
3300,10908214
3301,10908246
3302,10908283
3303,10908321
3304,10908351
3305,10908394
3306,10908429
3307,10908462
3308,10908508
3309,10908536
3310,10908574
3311,10908607
3312,10908649
3313,10908676
3314,10908716
3315,10908758
3316,10908792
3317,10908834
3318,10908861
3319,10908898
3320,10908934
3321,10908969
3322,10909005
3323,10909038
3324,10909083
3325,10909112
3326,10909159
3327,10909187
3328,10909218
3329,10909257
3330,10909294
3331,10909330
3332,10909362
3333,10909408
3334,10909438
3335,10909474
3336,10909506
3337,10909544
3338,10909585
3339,10909622
3340,10909654
3341,10909693
3342,10909728
3343,10909753
3344,10909798
3345,10909830
3346,10909874
3347,10909909
3348,10909934
3349,10909982
3350,10910013
3351,10910052
3352,10910092
3353,10910128
3354,10910161
3355,10910204
3356,10910232
3357,10910267
3358,10910292
3359,10910330
3360,10910371
3361,10910412
3362,10910448
3363,10910479
3364,10910516
3365,10910555
3366,10910590
3367,10910633
3368,10910669
3369,10910698
3370,10910736
3371,10910775
3372,10910805
3373,10910850
3374,10910887
3375,10910915
3376,10910947
3377,10910991
3378,10911021
3379,10911057
3380,10911095
3381,10911136
3382,10911166
3383,10911213
3384,10911231
3385,10911267
3386,10911305
3387,10911344
3388,10911385
3389,10911414
3390,10911456
3391,10911486
3392,10911512
3393,10911562
3394,10911595
3395,10911634
3396,10911670
3397,10911707
3398,10911740
3399,10911775
3400,10911811
3401,10911847
3402,10911887
3403,10911921
3404,10911956
3405,10911984
3406,10912022
3407,10912069
3408,10912099
3409,10912138
3410,10912177
3411,10912202
3412,10912245
3413,10912271
3414,10912318
3415,10912356
3416,10912400
3417,10912425
3418,10912456
3419,10912499
3420,10912534
3421,10912576
3422,10912606
3423,10912644
3424,10912667
3425,10912713
3426,10912755
3427,10912788
3428,10912823
3429,10912858
3430,10912901
3431,10912930
3432,10912969
3433,10912999
3434,10913044
3435,10913076
3436,10913109
3437,10913154
3438,10913186
3439,10913219
3440,10913257
3441,10913290
3442,10913323
3443,10913362
3444,10913405
3445,10913430
3446,10913468
3447,10913509
3448,10913536
3449,10913576
3450,10913614
3451,10913654
3452,10913683
3453,10913717
3454,10913757
3455,10913799
3456,10913827
3457,10913861
3458,10913902
3459,10913938
3460,10913977
3461,10914010
3462,10914047
3463,10914087
3464,10914113
3465,10914159
3466,10914186
3467,10914226
3468,10914274
3469,10914303
3470,10914330
3471,10914370
3472,10914405
3473,10914445
3474,10914484
3475,10914514
3476,10914537
3477,10914587
3478,10914625
3479,10914656
3480,10914696
3481,10914727
3482,10914769
3483,10914786
3484,10914829
3485,10914868
3486,10914908
3487,10914946
3488,10914983
3489,10915020
3490,10915047
3491,10915083
3492,10915125
3493,10915161
3494,10915198
3495,10915226
3496,10915266
3497,10915300
3498,10915345
3499,10915378
3500,10915415
3501,10915452
3502,10915493
3503,10915516
3504,10915550
3505,10915594
3506,10915630
3507,10915665
3508,10915692
3509,10915734
3510,10915778
3511,10915805
3512,10915852
3513,10915882
3514,10915927
3515,10915953
3516,10915992
3517,10916024
3518,10916053
3519,10916100
3520,10916133
3521,10916166
3522,10916207
3523,10916249
3524,10916278
3525,10916315
3526,10916351
3527,10916386
3528,10916437
3529,10916453
3530,10916504
3531,10916530
3532,10916566
3533,10916596
3534,10916638
3535,10916680
3536,10916713
3537,10916747
3538,10916780
3539,10916816
3540,10916854
3541,10916891
3542,10916928
3543,10916966
3544,10916993
3545,10917030
3546,10917072
3547,10917104
3548,10917145
3549,10917177
3550,10917211
3551,10917254
3552,10917281
3553,10917328
3554,10917349
3555,10917394
3556,10917434
3557,10917465
3558,10917509
3559,10917539
3560,10917573
3561,10917608
3562,10917650
3563,10917687
3564,10917712
3565,10917753
3566,10917783
3567,10917826
3568,10917861
3569,10917902
3570,10917937
3571,10917963
3572,10918002
3573,10918038
3574,10918074
3575,10918107
3576,10918146
3577,10918186
3578,10918225
3579,10918254
3580,10918296
3581,10918339
3582,10918360
3583,10918398
3584,10918433
3585,10918475
3586,10918517
3587,10918542
3588,10918584
3589,10918618
3590,10918653
3591,10918685
3592,10918727
3593,10918760
3594,10918794
3595,10918829
3596,10918869
3597,10918905
3598,10918944
3599,10918976
3600,10919016
3601,10919046
3602,10919090
3603,10919127
3604,10919161
3605,10919185
3606,10919242
3607,10919260
3608,10919298
3609,10919339
3610,10919368
3611,10919410
3612,10919450
3613,10919480
3614,10919510
3615,10919550
3616,10919591
3617,10919620
3618,10919662
3619,10919691
3620,10919731
3621,10919778
3622,10919802
3623,10919842
3624,10919874
3625,10919910
3626,10919955
3627,10919984
3628,10920024
3629,10920052
3630,10920089
3631,10920130
3632,10920166
3633,10920204
3634,10920239
3635,10920267
3636,10920312
3637,10920348
3638,10920382
3639,10920417
3640,10920455
3641,10920492
3642,10920526
3643,10920562
3644,10920597
3645,10920634
3646,10920668
3647,10920707
3648,10920749
3649,10920775
3650,10920801
3651,10920843
3652,10920891
3653,10920918
3654,10920964
3655,10920999
3656,10921033
3657,10921060
3658,10921096
3659,10921133
3660,10921170
3661,10921210
3662,10921250
3663,10921284
3664,10921323
3665,10921348
3666,10921395
3667,10921426
3668,10921461
3669,10921495
3670,10921531
3671,10921575
3672,10921606
3673,10921643
3674,10921673
3675,10921718
3676,10921750
3677,10921775
3678,10921821
3679,10921857
3680,10921891
3681,10921927
3682,10921963
3683,10922002
3684,10922031
3685,10922073
3686,10922111
3687,10922150
3688,10922179
3689,10922216
3690,10922255
3691,10922297
3692,10922328
3693,10922368
3694,10922392
3695,10922429
3696,10922475
3697,10922497
3698,10922544
3699,10922585
3700,10922613
3701,10922649
3702,10922687
3703,10922721
3704,10922754
3705,10922792
3706,10922832
3707,10922869
3708,10922904
3709,10922932
3710,10922976
3711,10923012
3712,10923044
3713,10923082
3714,10923113
3715,10923159
3716,10923193
3717,10923223
3718,10923262
3719,10923290
3720,10923332
3721,10923379
3722,10923407
3723,10923447
3724,10923480
3725,10923509
3726,10923556
3727,10923587
3728,10923627
3729,10923663
3730,10923693
3731,10923719
3732,10923770
3733,10923808
3734,10923843
3735,10923878
3736,10923905
3737,10923939
3738,10923982
3739,10924020
3740,10924053
3741,10924091
3742,10924128
3743,10924157
3744,10924198
3745,10924230
3746,10924269
3747,10924303
3748,10924339
3749,10924385
3750,10924404
3751,10924446
3752,10924485
3753,10924508
3754,10924557
3755,10924594
3756,10924628
3757,10924666
3758,10924694
3759,10924737
3760,10924760
3761,10924810
3762,10924841
3763,10924881
3764,10924924
3765,10924951
3766,10924999
3767,10925031
3768,10925056
3769,10925106
3770,10925133
3771,10925166
3772,10925207
3773,10925244
3774,10925275
3775,10925316
3776,10925347
3777,10925389
3778,10925427
3779,10925460
3780,10925494
3781,10925527
3782,10925566
3783,10925597
3784,10925646
3785,10925677
3786,10925716
3787,10925742
3788,10925783
3789,10925814
3790,10925853
3791,10925890
3792,10925922
3793,10925954
3794,10926002
3795,10926036
3796,10926070
3797,10926109
3798,10926143
3799,10926176
3800,10926216
3801,10926255
3802,10926291
3803,10926323
3804,10926362
3805,10926392
3806,10926435
3807,10926463
3808,10926504
3809,10926535
3810,10926568
3811,10926610
3812,10926659
3813,10926683
3814,10926718
3815,10926754
3816,10926794
3817,10926823
3818,10926863
3819,10926908
3820,10926928
3821,10926970
3822,10927011
3823,10927047
3824,10927075
3825,10927116
3826,10927146
3827,10927184
3828,10927217
3829,10927250
3830,10927294
3831,10927330
3832,10927356
3833,10927403
3834,10927432
3835,10927481
3836,10927516
3837,10927548
3838,10927582
3839,10927611
3840,10927654
3841,10927688
3842,10927717
3843,10927768
3844,10927801
3845,10927832
3846,10927872
3847,10927901
3848,10927941
3849,10927978
3850,10928012
3851,10928053
3852,10928088
3853,10928122
3854,10928162
3855,10928210
3856,10928239
3857,10928262
3858,10928301
3859,10928342
3860,10928377
3861,10928408
3862,10928452
3863,10928481
3864,10928514
3865,10928554
3866,10928590
3867,10928628
3868,10928664
3869,10928697
3870,10928731
3871,10928776
3872,10928811
3873,10928838
3874,10928879
3875,10928913
3876,10928952
3877,10928982
3878,10929028
3879,10929058
3880,10929090
3881,10929128
3882,10929171
3883,10929201
3884,10929228
3885,10929282
3886,10929310
3887,10929344
3888,10929377
3889,10929416
3890,10929452
3891,10929484
3892,10929528
3893,10929568
3894,10929602
3895,10929626
3896,10929668
3897,10929697
3898,10929736
3899,10929775
3900,10929807
3901,10929855
3902,10929884
3903,10929922
3904,10929955
3905,10929998
3906,10930029
3907,10930069
3908,10930104
3909,10930143
3910,10930183
3911,10930206
3912,10930248
3913,10930285
3914,10930319
3915,10930350
3916,10930391
3917,10930433
3918,10930463
3919,10930504
3920,10930533
3921,10930569
3922,10930607
3923,10930635
3924,10930682
3925,10930714
3926,10930755
3927,10930790
3928,10930829
3929,10930859
3930,10930896
3931,10930925
3932,10930963
3933,10931005
3934,10931049
3935,10931068
3936,10931113
3937,10931135
3938,10931184
3939,10931220
3940,10931261
3941,10931284
3942,10931326
3943,10931360
3944,10931386
3945,10931434
3946,10931467
3947,10931505
3948,10931542
3949,10931576
3950,10931613
3951,10931653
3952,10931684
3953,10931727
3954,10931758
3955,10931798
3956,10931831
3957,10931871
3958,10931902
3959,10931934
3960,10931974
3961,10932012
3962,10932045
3963,10932082
3964,10932121
3965,10932159
3966,10932189
3967,10932221
3968,10932270
3969,10932302
3970,10932334
3971,10932370
3972,10932410
3973,10932447
3974,10932480
3975,10932514
3976,10932546
3977,10932593
3978,10932629
3979,10932646
3980,10932701
3981,10932734
3982,10932763
3983,10932796
3984,10932839
3985,10932874
3986,10932903
3987,10932933
3988,10932981
3989,10933019
3990,10933055
3991,10933088
3992,10933127
3993,10933153
3994,10933194
3995,10933238
3996,10933266
3997,10933315
3998,10933351
3999,10933377
4000,10933411
4001,10933456
4002,10933492
4003,10933518
4004,10933558
4005,10933594
4006,10933627
4007,10933671
4008,10933700
4009,10933735
4010,10933772
4011,10933815
4012,10933846
4013,10933872
4014,10933915
4015,10933961
4016,10933994
4017,10934028
4018,10934067
4019,10934103
4020,10934143
4021,10934170
4022,10934204
4023,10934238
4024,10934278
4025,10934312
4026,10934341
4027,10934380
4028,10934416
4029,10934466
4030,10934497
4031,10934524
4032,10934569
4033,10934604
4034,10934639
4035,10934672
4036,10934704
4037,10934755
4038,10934780
4039,10934818
4040,10934845
4041,10934878
4042,10934926
4043,10934963
4044,10934998
4045,10935042
4046,10935068
4047,10935103
4048,10935148
4049,10935172
4050,10935216
4051,10935244
4052,10935278
4053,10935322
4054,10935358
4055,10935394
4056,10935432
4057,10935470
4058,10935503
4059,10935540
4060,10935576
4061,10935610
4062,10935643
4063,10935676
4064,10935716
4065,10935748
4066,10935800
4067,10935826
4068,10935861
4069,10935899
4070,10935928
4071,10935968
4072,10936004
4073,10936058
4074,10936077
4075,10936107
4076,10936159
4077,10936197
4078,10936226
4079,10936257
4080,10936291
4081,10936327
4082,10936367
4083,10936396
4084,10936435
4085,10936475
4086,10936507
4087,10936544
4088,10936579
4089,10936618
4090,10936654
4091,10936694
4092,10936727
4093,10936761
4094,10936796
4095,10936842
4096,10936872
4097,10936903
4098,10936947
4099,10936976
4100,10937016
4101,10937046
4102,10937089
4103,10937117
4104,10937162
4105,10937194
4106,10937230
4107,10937277
4108,10937307
4109,10937340
4110,10937375
4111,10937407
4112,10937448
4113,10937485
4114,10937529
4115,10937551
4116,10937588
4117,10937627
4118,10937663
4119,10937697
4120,10937730
4121,10937768
4122,10937809
4123,10937842
4124,10937874
4125,10937920
4126,10937949
4127,10937983
4128,10938031
4129,10938060
4130,10938092
4131,10938130
4132,10938165
4133,10938201
4134,10938233
4135,10938271
4136,10938312
4137,10938344
4138,10938380
4139,10938418
4140,10938459
4141,10938482
4142,10938529
4143,10938555
4144,10938596
4145,10938625
4146,10938659
4147,10938706
4148,10938737
4149,10938779
4150,10938807
4151,10938849
4152,10938890
4153,10938923
4154,10938958
4155,10938988
4156,10939031
4157,10939068
4158,10939108
4159,10939134
4160,10939169
4161,10939209
4162,10939249
4163,10939282
4164,10939317
4165,10939354
4166,10939391
4167,10939421
4168,10939465
4169,10939495
4170,10939541
4171,10939571
4172,10939603
4173,10939636
4174,10939678
4175,10939714
4176,10939752
4177,10939786
4178,10939814
4179,10939864
4180,10939896
4181,10939926
4182,10939962
4183,10940002
4184,10940034
4185,10940076
4186,10940113
4187,10940139
4188,10940181
4189,10940216
4190,10940261
4191,10940290
4192,10940330
4193,10940362
4194,10940394
4195,10940434
4196,10940472
4197,10940506
4198,10940542
4199,10940579
4200,10940624
4201,10940647
4202,10940683
4203,10940719
4204,10940757
4205,10940789
4206,10940831
4207,10940864
4208,10940899
4209,10940935
4210,10940977
4211,10941007
4212,10941046
4213,10941077
4214,10941118
4215,10941154
4216,10941195
4217,10941233
4218,10941258
4219,10941300
4220,10941334
4221,10941376
4222,10941407
4223,10941442
4224,10941476
4225,10941511
4226,10941547
4227,10941579
4228,10941622
4229,10941656
4230,10941697
4231,10941730
4232,10941777
4233,10941805
4234,10941833
4235,10941859
4236,10941913
4237,10941946
4238,10941983
4239,10942014
4240,10942051
4241,10942089
4242,10942135
4243,10942153
4244,10942203
4245,10942230
4246,10942270
4247,10942310
4248,10942337
4249,10942382
4250,10942416
4251,10942448
4252,10942495
4253,10942518
4254,10942564
4255,10942594
4256,10942628
4257,10942661
4258,10942698
4259,10942738
4260,10942781
4261,10942811
4262,10942844
4263,10942886
4264,10942919
4265,10942955
4266,10942988
4267,10943021
4268,10943062
4269,10943103
4270,10943132
4271,10943175
4272,10943200
4273,10943242
4274,10943278
4275,10943321
4276,10943357
4277,10943389
4278,10943422
4279,10943461
4280,10943497
4281,10943530
4282,10943572
4283,10943602
4284,10943636
4285,10943676
4286,10943712
4287,10943749
4288,10943786
4289,10943821
4290,10943853
4291,10943899
4292,10943925
4293,10943962
4294,10944006
4295,10944032
4296,10944070
4297,10944107
4298,10944141
4299,10944176
4300,10944210
4301,10944253
4302,10944290
4303,10944318
4304,10944351
4305,10944395
4306,10944427
4307,10944470
4308,10944505
4309,10944549
4310,10944574
4311,10944610
4312,10944646
4313,10944682
4314,10944720
4315,10944759
4316,10944797
4317,10944826
4318,10944866
4319,10944893
4320,10944932
4321,10944973
4322,10945006
4323,10945041
4324,10945073
4325,10945111
4326,10945149
4327,10945187
4328,10945226
4329,10945252
4330,10945295
4331,10945334
4332,10945358
4333,10945401
4334,10945439
4335,10945471
4336,10945510
4337,10945550
4338,10945583
4339,10945618
4340,10945647
4341,10945694
4342,10945721
4343,10945758
4344,10945798
4345,10945830
4346,10945866
4347,10945911
4348,10945941
4349,10945973
4350,10946009
4351,10946059
4352,10946080
4353,10946122
4354,10946158
4355,10946194
4356,10946232
4357,10946270
4358,10946304
4359,10946330
4360,10946372
4361,10946410
4362,10946438
4363,10946480
4364,10946513
4365,10946542
4366,10946587
4367,10946620
4368,10946657
4369,10946692
4370,10946738
4371,10946769
4372,10946805
4373,10946836
4374,10946879
4375,10946910
4376,10946947
4377,10946988
4378,10947021
4379,10947068
4380,10947096
4381,10947130
4382,10947166
4383,10947203
4384,10947238
4385,10947281
4386,10947300
4387,10947344
4388,10947392
4389,10947421
4390,10947448
4391,10947490
4392,10947531
4393,10947558
4394,10947599
4395,10947647
4396,10947670
4397,10947706
4398,10947741
4399,10947776
4400,10947812
4401,10947850
4402,10947889
4403,10947921
4404,10947958
4405,10947994
4406,10948026
4407,10948060
4408,10948100
4409,10948141
4410,10948176
4411,10948203
4412,10948251
4413,10948288
4414,10948318
4415,10948356
4416,10948400
4417,10948428
4418,10948456
4419,10948502
4420,10948533
4421,10948571
4422,10948609
4423,10948639
4424,10948674
4425,10948720
4426,10948745
4427,10948787
4428,10948822
4429,10948855
4430,10948899
4431,10948941
4432,10948964
4433,10948997
4434,10949050
4435,10949077
4436,10949106
4437,10949146
4438,10949183
4439,10949218
4440,10949251
4441,10949289
4442,10949327
4443,10949361
4444,10949393
4445,10949436
4446,10949474
4447,10949503
4448,10949554
4449,10949578
4450,10949623
4451,10949645
4452,10949688
4453,10949725
4454,10949761
4455,10949797
4456,10949822
4457,10949856
4458,10949905
4459,10949939
4460,10949974
4461,10950003
4462,10950044
4463,10950079
4464,10950114
4465,10950160
4466,10950188
4467,10950222
4468,10950255
4469,10950297
4470,10950339
4471,10950371
4472,10950402
4473,10950437
4474,10950482
4475,10950514
4476,10950552
4477,10950584
4478,10950621
4479,10950653
4480,10950698
4481,10950720
4482,10950774
4483,10950804
4484,10950834
4485,10950871
4486,10950913
4487,10950953
4488,10950981
4489,10951018
4490,10951060
4491,10951091
4492,10951126
4493,10951162
4494,10951202
4495,10951235
4496,10951268
4497,10951306
4498,10951343
4499,10951378
4500,10951409
4501,10951449
4502,10951489
4503,10951515
4504,10951561
4505,10951596
4506,10951634
4507,10951666
4508,10951710
4509,10951738
4510,10951775
4511,10951812
4512,10951837
4513,10951880
4514,10951921
4515,10951956
4516,10951988
4517,10952023
4518,10952067
4519,10952100
4520,10952137
4521,10952167
4522,10952214
4523,10952246
4524,10952279
4525,10952321
4526,10952354
4527,10952390
4528,10952423
4529,10952459
4530,10952492
4531,10952533
4532,10952567
4533,10952602
4534,10952632
4535,10952668
4536,10952705
4537,10952746
4538,10952782
4539,10952813
4540,10952850
4541,10952890
4542,10952923
4543,10952964
4544,10953001
4545,10953033
4546,10953071
4547,10953107
4548,10953138
4549,10953183
4550,10953213
4551,10953255
4552,10953286
4553,10953329
4554,10953362
4555,10953398
4556,10953438
4557,10953474
4558,10953502
4559,10953540
4560,10953564
4561,10953601
4562,10953646
4563,10953691
4564,10953719
4565,10953755
4566,10953791
4567,10953823
4568,10953859
4569,10953891
4570,10953936
4571,10953970
4572,10954014
4573,10954046
4574,10954074
4575,10954115
4576,10954151
4577,10954179
4578,10954221
4579,10954256
4580,10954295
4581,10954332
4582,10954362
4583,10954408
4584,10954437
4585,10954471
4586,10954508
4587,10954550
4588,10954585
4589,10954618
4590,10954657
4591,10954697
4592,10954726
4593,10954769
4594,10954799
4595,10954839
4596,10954868
4597,10954909
4598,10954942
4599,10954974
4600,10955017
4601,10955047
4602,10955086
4603,10955122
4604,10955160
4605,10955194
4606,10955230
4607,10955265
4608,10955299
4609,10955342
4610,10955375
4611,10955414
4612,10955444
4613,10955475
4614,10955518
4615,10955554
4616,10955588
4617,10955617
4618,10955667
4619,10955693
4620,10955735
4621,10955767
4622,10955812
4623,10955841
4624,10955872
4625,10955919
4626,10955945
4627,10955984
4628,10956022
4629,10956059
4630,10956093
4631,10956136
4632,10956161
4633,10956200
4634,10956237
4635,10956267
4636,10956307
4637,10956342
4638,10956380
4639,10956418
4640,10956454
4641,10956491
4642,10956531
4643,10956562
4644,10956593
4645,10956641
4646,10956672
4647,10956703
4648,10956736
4649,10956779
4650,10956814
4651,10956839
4652,10956886
4653,10956921
4654,10956958
4655,10956985
4656,10957028
4657,10957071
4658,10957088
4659,10957133
4660,10957171
4661,10957211
4662,10957241
4663,10957281
4664,10957322
4665,10957352
4666,10957387
4667,10957424
4668,10957462
4669,10957493
4670,10957540
4671,10957557
4672,10957605
4673,10957650
4674,10957678
4675,10957714
4676,10957752
4677,10957787
4678,10957822
4679,10957858
4680,10957893
4681,10957923
4682,10957960
4683,10957999
4684,10958035
4685,10958074
4686,10958108
4687,10958141
4688,10958186
4689,10958218
4690,10958252
4691,10958288
4692,10958334
4693,10958364
4694,10958390
4695,10958436
4696,10958477
4697,10958506
4698,10958545
4699,10958580
4700,10958613
4701,10958654
4702,10958690
4703,10958718
4704,10958770
4705,10958794
4706,10958830
4707,10958879
4708,10958907
4709,10958936
4710,10958976
4711,10959015
4712,10959046
4713,10959081
4714,10959122
4715,10959152
4716,10959189
4717,10959225
4718,10959264
4719,10959299
4720,10959333
4721,10959361
4722,10959407
4723,10959438
4724,10959493
4725,10959511
4726,10959550
4727,10959581
4728,10959612
4729,10959658
4730,10959689
4731,10959733
4732,10959773
4733,10959798
4734,10959833
4735,10959880
4736,10959912
4737,10959955
4738,10959984
4739,10960026
4740,10960047
4741,10960093
4742,10960122
4743,10960159
4744,10960202
4745,10960234
4746,10960274
4747,10960309
4748,10960350
4749,10960374
4750,10960416
4751,10960439
4752,10960491
4753,10960527
4754,10960560
4755,10960593
4756,10960630
4757,10960666
4758,10960698
4759,10960738
4760,10960779
4761,10960812
4762,10960845
4763,10960884
4764,10960926
4765,10960950
4766,10960993
4767,10961023
4768,10961064
4769,10961092
4770,10961140
4771,10961178
4772,10961204
4773,10961239
4774,10961279
4775,10961325
4776,10961352
4777,10961388
4778,10961420
4779,10961458
4780,10961490
4781,10961528
4782,10961555
4783,10961605
4784,10961636
4785,10961676
4786,10961706
4787,10961745
4788,10961779
4789,10961814
4790,10961858
4791,10961889
4792,10961926
4793,10961959
4794,10962005
4795,10962035
4796,10962070
4797,10962107
4798,10962151
4799,10962169
4800,10962218
4801,10962242
4802,10962292
4803,10962333
4804,10962358
4805,10962393
4806,10962430
4807,10962461
4808,10962500
4809,10962539
4810,10962584
4811,10962602
4812,10962647
4813,10962675
4814,10962722
4815,10962756
4816,10962795
4817,10962826
4818,10962863
4819,10962889
4820,10962937
4821,10962969
4822,10963009
4823,10963040
4824,10963072
4825,10963111
4826,10963149
4827,10963186
4828,10963220
4829,10963258
4830,10963289
4831,10963328
4832,10963366
4833,10963401
4834,10963443
4835,10963475
4836,10963510
4837,10963547
4838,10963573
4839,10963614
4840,10963649
4841,10963688
4842,10963719
4843,10963756
4844,10963798
4845,10963833
4846,10963872
4847,10963905
4848,10963947
4849,10963982
4850,10964011
4851,10964043
4852,10964081
4853,10964116
4854,10964158
4855,10964191
4856,10964230
4857,10964271
4858,10964308
4859,10964325
4860,10964368
4861,10964407
4862,10964455
4863,10964479
4864,10964521
4865,10964554
4866,10964583
4867,10964626
4868,10964664
4869,10964703
4870,10964734
4871,10964770
4872,10964789
4873,10964841
4874,10964883
4875,10964924
4876,10964954
4877,10964989
4878,10965029
4879,10965057
4880,10965090
4881,10965115
4882,10965161
4883,10965206
4884,10965238
4885,10965272
4886,10965304
4887,10965345
4888,10965377
4889,10965418
4890,10965451
4891,10965491
4892,10965530
4893,10965562
4894,10965595
4895,10965637
4896,10965676
4897,10965698
4898,10965742
4899,10965780
4900,10965809
4901,10965859
4902,10965886
4903,10965931
4904,10965951
4905,10965986
4906,10966035
4907,10966061
4908,10966108
4909,10966138
4910,10966178
4911,10966216
4912,10966251
4913,10966283
4914,10966320
4915,10966351
4916,10966389
4917,10966427
4918,10966466
4919,10966498
4920,10966545
4921,10966563
4922,10966606
4923,10966646
4924,10966676
4925,10966708
4926,10966748
4927,10966785
4928,10966818
4929,10966861
4930,10966894
4931,10966928
4932,10966969
4933,10967002
4934,10967038
4935,10967066
4936,10967108
4937,10967147
4938,10967189
4939,10967213
4940,10967246
4941,10967288
4942,10967323
4943,10967363
4944,10967393
4945,10967438
4946,10967471
4947,10967507
4948,10967542
4949,10967578
4950,10967618
4951,10967648
4952,10967686
4953,10967720
4954,10967747
4955,10967794
4956,10967831
4957,10967860
4958,10967902
4959,10967938
4960,10967968
4961,10968005
4962,10968045
4963,10968086
4964,10968114
4965,10968154
4966,10968196
4967,10968220
4968,10968269
4969,10968287
4970,10968334
4971,10968364
4972,10968403
4973,10968433
4974,10968480
4975,10968512
4976,10968552
4977,10968583
4978,10968619
4979,10968652
4980,10968686
4981,10968726
4982,10968766
4983,10968802
4984,10968839
4985,10968868
4986,10968904
4987,10968956
4988,10968983
4989,10969024
4990,10969052
4991,10969089
4992,10969135
4993,10969166
4994,10969198
4995,10969237
4996,10969273
4997,10969304
4998,10969336
4999,10969378
5000,10969424